Line-number,x-coord,y-coord,width
0,-179665.7578927243,-2277809.2163752932,5667.1665535199054
0,-179560.53756398722,-2277916.0908448575,5803.3611896978591
0,-179457.03215990766,-2278024.5723486389,5688.9886590740234
0,-179355.58210670817,-2278134.943794711,5525.6551130297621
0,-179256.49517246775,-2278247.4569763658,5404.9498010585385
0,-179160.02987577778,-2278362.3187656486,5406.141387212484
0,-179065.61954910384,-2278478.825462155,5588.5264234893648
0,-178973.20675536507,-2278596.9029938718,5811.7343600689073
0,-178882.73212017264,-2278716.4850873468,6253.7096255161359
0,-178794.09513940456,-2278837.4734123494,6862.9246550953067
0,-178706.24813389822,-2278959.054911782,7569.698467374772
0,-178618.32994354572,-2279080.5852274387,8299.3111931494786
0,-178529.82184512887,-2279201.6797593455,9178.6957903954208
0,-178440.56312778618,-2279322.2168539348,9689.7534396315878
0,-178350.15036781545,-2279441.88251128,10169.044591854175
0,-178258.39547930646,-2279560.5197875309,10330.893042793386
0,-178165.31593477388,-2279678.1307018995,9967.0352652853853
0,-178070.39063959289,-2279794.2184681934,9603.6615234358942
0,-177973.43575580817,-2279908.5851506917,9632.9239433995572
0,-177874.43133707336,-2280021.1703139846,10359.170906375484
0,-177773.44886214909,-2280132.0093083377,11598.74228134129
0,-177670.57352716572,-2280241.1486805296,13681.267456446099
0,-177565.16517051769,-2280347.7004957856,15748.333484535233
0,-177456.6301683049,-2280450.9259575084,18354.037310694395
0,-177345.02118153518,-2280550.8147746949,20731.566173669249
0,-177230.44244387542,-2280647.4120034804,22674.510781496057
0,-177112.77947870069,-2280740.2489460278,24852.496190984773
0,-176990.95107709666,-2280826.7241896335,26796.246620849928
0,-176864.84304198911,-2280906.5823463383,28758.862006741274
0,-176734.51588240927,-2280979.8243128257,30513.33846596783
0,-176600.11574018642,-2281046.0719440742,32270.599941293207
0,-176462.20476144904,-2281102.1367093287,34068.623470294704
0,-176320.67502879808,-2281147.6331247017,35989.76328054101
0,-176175.38084306361,-2281182.0804094695,37572.20463972813
0,-176027.9091653901,-2281204.2382544749,39144.511652756781
0,-175879.90709483181,-2281212.9993213401,40159.132007353241
0,-175731.371938931,-2281208.060001649,40213.024597305855
0,-175582.554844603,-2281189.9173553414,39625.513384127502
0,-175435.27273937414,-2281164.2357113771,38638.593860939516
0,-175289.47022732146,-2281131.2435640204,37550.526742086069
0,-175145.08433078107,-2281091.1865226519,36353.982407881063
0,-175001.5490817299,-2281047.7792976527,35595.990977468085
0,-174858.66586977348,-2281002.3395341281,34914.553420037875
0,-174716.43321349623,-2280954.8447317323,35025.841985867482
0,-174574.64293204949,-2280905.9195353929,35121.950946093901
0,-174432.62845793934,-2280857.6500400789,35692.075201838772
0,-174290.39549694504,-2280810.0241702199,36040.502872818033
0,-174147.94990024946,-2280763.0295288628,36077.41105122173
0,-174004.79195414396,-2280718.4540035683,36303.985485057638
0,-173860.75523273894,-2280676.9144043988,36498.50440021426
0,-173715.87404421985,-2280638.3025349816,37640.062181145906
0,-173570.15997870345,-2280602.9459691844,39774.973894892617
0,-173423.55448523303,-2280572.2177137276,41903.915468316867
0,-173276.0460591258,-2280546.1506783059,44050.405656525429
0,-173127.62437587674,-2280524.7766443007,46202.485011446784
0,-172978.73090656148,-2280507.9312119451,48337.928242679685
0,-172829.45199049401,-2280495.6011569663,50023.63231100596
0,-172679.7782853854,-2280487.83492675,51298.588195224271
0,-172529.88964352585,-2280483.8471768028,53200.470188121057
0,-172379.99539764869,-2280482.7204138814,55255.913126060914
0,-172230.09435809206,-2280484.495366476,56356.128969934063
0,-172080.18803466618,-2280488.8285401613,56601.444459410312
0,-171930.28347556727,-2280493.2002679468,55891.945548449679
0,-171780.38071860329,-2280497.61187365,54650.716522330738
0,-171630.47980293285,-2280502.0647277846,53179.062212706602
0,-171480.61022416034,-2280503.8039722387,52016.07290148949
0,-171330.77780582532,-2280502.0609497307,49970.829508768089
0,-171180.98383655163,-2280496.7444014805,47538.488241406376
0,-171031.43527942259,-2280487.2480066088,44959.525700843602
0,-170882.37920650831,-2280472.9081689883,42253.437662103956
0,-170733.83317981655,-2280453.6634670352,40435.876751167969
0,-170585.85753148698,-2280429.5288122641,39666.394660505663
0,-170438.77250786984,-2280401.0429931325,39266.666330629087
0,-170292.59953325355,-2280368.1988357534,39416.478623986033
0,-170147.36125481743,-2280331.0084704524,39881.444725256377
0,-170002.90933011431,-2280290.7663239487,40306.874304718469
0,-169859.17463938365,-2280248.0471118079,40087.337998514908
0,-169716.15034332342,-2280202.9300748957,40339.736864799248
0,-169573.69176679579,-2280155.9799101693,39956.895518784215
0,-169431.39404583737,-2280108.5535342973,39481.955090338808
0,-169289.25131446467,-2280060.6694073137,38813.21262081663
0,-169147.25698423194,-2280012.3481674199,38388.020683302617
0,-169005.1277675654,-2279964.4567676024,38998.617530744414
0,-168862.75894280447,-2279917.3007292966,40922.785298069117
0,-168720.15243825878,-2279870.8565974175,43400.858195692497
0,-168577.2222311236,-2279825.4538759342,46087.269525939468
0,-168433.62367635081,-2279782.4151000362,49165.873749708036
0,-168289.33406098353,-2279741.7413983149,52338.754748606552
0,-168144.3208688286,-2279703.48540167,55428.417991413429
0,-167998.47075658088,-2279669.1526354295,58128.81414097063
0,-167851.72450495802,-2279639.3157030782,60192.016190616829
0,-167704.03989845677,-2279614.089528027,61442.78691060104
0,-167555.56840974878,-2279593.3407149287,61831.739040670145
0,-167406.70567526121,-2279576.6243264582,61438.813860076822
0,-167257.42173288879,-2279564.0905982559,60459.631671306073
0,-167107.68999156242,-2279555.8974102875,59297.697961224752
0,-166957.87752038453,-2279550.2139389776,58594.843532902923
0,-166807.99884196045,-2279547.0155943204,59264.884361298675
0,-166658.05008052476,-2279546.3756743483,59045.076759539996
0,-166508.07431477532,-2279547.0086161164,58853.928724228143
0,-166358.09987628084,-2279548.0836056769,58577.420089791231
0,-166208.1268419566,-2279549.6083683497,58049.900301848036
0,-166058.15433096199,-2279551.1623366601,57970.51415702184
0,-165908.17968462256,-2279551.6347267986,58439.057674801312
0,-165758.20275483228,-2279551.0050849821,58775.414575460272
0,-165608.22357535426,-2279549.2547101183,58945.523553874998
0,-165458.2701295726,-2279546.3853670056,59236.356272821657
0,-165308.34472289469,-2279542.3780970168,59492.964982116828
0,-165158.44824728809,-2279537.2125687138,59779.405202184193
0,-165008.57559225059,-2279531.2862595608,60068.500091457085
0,-164858.7233161141,-2279524.8584648077,60318.382163351183
0,-164708.89172130293,-2279517.9270623345,60494.575924810815
0,-164559.08247677621,-2279510.4937708154,60638.326294583472
0,-164409.29951602934,-2279502.565172283,60806.731049654401
0,-164259.54318958614,-2279494.1390576106,60880.607103843249
0,-164109.81386479051,-2279485.213369865,60944.110534323372
0,-163960.12610233179,-2279475.6777504827,61106.811812452303
0,-163810.48250901888,-2279465.5062925266,61242.886265010253
0,-163660.88492440988,-2279454.6782466006,61424.472730919209
0,-163511.40946034002,-2279442.4953786014,61773.767690264598
0,-163362.11143458312,-2279428.463623757,62182.856168257051
0,-163212.99762893296,-2279412.5382401538,63023.583603984924
0,-163064.11845155008,-2279394.5261622905,64153.944828891523
0,-162915.61626041817,-2279373.9280838966,65380.69810929869
0,-162767.50975717351,-2279350.6612311434,66489.979822691661
0,-162619.82047606629,-2279324.6334265871,67321.003135826322
0,-162472.66912738123,-2279295.8857912426,67752.898677662175
0,-162326.09985508068,-2279264.3391906093,68269.691983670986
0,-162180.14729692714,-2279229.8898021597,66921.326323032452
0,-162034.86914309298,-2279192.6670419485,67232.048801743585
0,-161890.32232372108,-2279152.8305532713,68212.623698790994
0,-161746.54036462013,-2279110.3235611911,69091.404628050994
0,-161603.5599453355,-2279065.0944955312,69498.845206250669
0,-161461.48448313089,-2279017.2497236715,69168.539935458626
0,-161320.38383372413,-2278966.6554716732,67873.107121290202
0,-161180.33100155092,-2278913.1763092331,65711.425484196603
0,-161041.29562385834,-2278857.0620175307,62824.845994369723
0,-160903.22937579258,-2278798.6088824756,59210.225919032353
0,-160766.18284705197,-2278737.7471711631,55126.86745542672
0,-160630.18681965041,-2278674.4775455315,50883.462866068607
0,-160494.86474279303,-2278609.8172634309,46727.050022280346
0,-160360.24506846871,-2278543.7482544649,43411.933277786295
0,-160226.40588324144,-2278476.1378435637,41132.121643492719
0,-160093.37716007174,-2278406.9489935474,40056.821148327384
0,-159960.97522831435,-2278336.5557161886,40135.822647817724
0,-159829.22144885838,-2278264.9242647532,41076.776720384652
0,-159698.13529373315,-2278192.0248974049,42365.410749141629
0,-159567.66564762537,-2278118.0604888042,43533.828643039022
0,-159437.72123089051,-2278043.2274656836,42532.557922713844
0,-159308.36599782383,-2277967.4149896805,42812.685846371452
0,-159179.66763633685,-2277890.5055801333,43096.728718023936
0,-159051.63523385298,-2277812.4670742173,43310.89671630667
0,-158924.18071997145,-2277733.4331330196,43515.163842108392
0,-158797.17539260376,-2277653.6310179513,43689.164838979777
0,-158670.34682853252,-2277573.5617304547,43816.048607502758
0,-158543.94133207679,-2277492.8393750382,43892.493116848091
0,-158418.21674282089,-2277411.0758606694,43927.490115344204
0,-158293.28069312833,-2277328.1161235925,43939.057174135887
0,-158169.23929579812,-2277243.8076598789,45779.686261860843
0,-158045.86707636341,-2277158.490671061,44705.626652862898
0,-157922.87674186696,-2277072.6412364775,42590.834001031828
0,-157800.25057062908,-2276986.2810423491,40810.128417989916
0,-157677.96782798809,-2276899.4358874522,40219.098184386457
0,-157555.889306511,-2276812.3020402868,41295.86831439488
0,-157433.91008692089,-2276725.0221259822,44190.801566494905
0,-157312.02556527243,-2276637.60460719,48729.311910961696
0,-157190.31737387337,-2276549.9560285495,54564.055645957684
0,-157068.64959294916,-2276462.2728397972,61020.950533430499
0,-156946.76428408778,-2276374.9107214254,68156.71259038712
0,-156824.56391982161,-2276287.9849681207,74611.324022315064
0,-156701.94810302195,-2276201.6144214398,80466.666768454801
0,-156578.81345819458,-2276115.9790012045,85173.780149188955
0,-156455.03292341417,-2276031.3265176746,88267.317648848461
0,-156330.44448287346,-2275947.8820638419,89231.133481181838
0,-156204.88444587842,-2275865.8729543216,88139.099825849771
0,-156078.28719125933,-2275785.4479553741,85451.895771877171
0,-155950.79914616927,-2275706.4913936793,82412.394821762879
0,-155822.42321281481,-2275628.9882837459,80404.466708676846
0,-155693.15856202669,-2275552.9362370088,81439.791280428108
0,-155562.85172050158,-2275478.7361554001,80707.142364702697
0,-155431.24488946857,-2275406.9997000089,80118.768657807232
0,-155298.28288379702,-2275337.8081036448,79724.464590444142
0,-155163.91067098337,-2275271.2427982516,79421.431661566094
0,-155028.38329098283,-2275207.0755968872,79268.085061967839
0,-154891.75544216475,-2275145.3826908912,79287.852781277703
0,-154753.93077267372,-2275086.3825238575,79143.773770381435
0,-154614.84053449726,-2275030.2334259604,78638.05739531765
0,-154474.85040773562,-2274976.5066977111,77552.494865692788
0,-154333.9335904163,-2274925.3121612626,76488.199041763801
0,-154192.05229904418,-2274876.7716587083,74747.121796237945
0,-154049.13881536128,-2274831.4205020103,73360.565517682146
0,-153905.15014708776,-2274789.8830284751,72393.5345145561
0,-153760.10344383723,-2274752.1359337028,71890.221618122625
0,-153614.01341545695,-2274718.1600139784,71608.292813621592
0,-153467.28877015429,-2274687.3677379475,71499.654031212776
0,-153319.95536708683,-2274659.7391170375,71405.975517587314
0,-153172.00941741321,-2274635.2957217996,71479.241331777623
0,-153023.56557911611,-2274614.1492336718,71579.468400794314
0,-152874.73061753341,-2274596.3751877658,71764.532531755322
0,-152725.50592622301,-2274581.9615775193,71889.861894144284
0,-152575.94267838242,-2274570.5738659366,71968.389064689691
0,-152426.2986642769,-2274560.5189296752,71979.136211016492
0,-152276.57548681571,-2274551.7614912861,71882.872781812592
0,-152126.77447436322,-2274544.2725042156,71854.285267651881
0,-151976.95939043231,-2274537.1566165504,72017.630438569729
0,-151827.14480576717,-2274530.2027835939,72201.70413145679
0,-151677.33179248584,-2274523.3876104881,72353.108677351425
0,-151527.53905202131,-2274516.2712780265,72431.467531427857
0,-151377.78687319669,-2274508.3924308089,72501.845025245711
0,-151228.0773205146,-2274499.7292403351,72534.612107477908
0,-151078.41360006796,-2274490.2693121647,72624.381562088369
0,-150928.80389973897,-2274480.0460652695,72729.179080387505
0,-150779.25112877981,-2274469.034335461,72797.138224558657
0,-150629.75845428076,-2274457.2076586462,72847.023722165628
0,-150480.33523886287,-2274444.522172593,72913.863067044775
0,-150330.98478210217,-2274430.9692117735,72951.672579518854
0,-150181.70881683586,-2274416.5480178553,72930.907212549093
0,-150032.46869710513,-2274401.7015451565,72890.504700239064
0,-149883.21590209703,-2274386.9619594919,72843.900845171825
0,-149733.94857034268,-2274372.3438094272,72863.182685561638
0,-149584.66405305566,-2274357.8733346728,72983.090365380092
0,-149435.35420080571,-2274343.6587450663,73114.724907474287
0,-149286.01727243801,-2274329.7120210016,73254.351399678213
0,-149136.65156939876,-2274316.0448641633,73436.056376433204
0,-148987.25377688516,-2274302.7290435899,73649.6701596005
0,-148837.82190872653,-2274289.7918272414,73857.402424734944
0,-148688.3545594156,-2274277.2408715542,74029.183038784628
0,-148538.83757878336,-2274265.3286299487,74175.195608176742
0,-148389.2500591104,-2274254.4102411848,74283.272734192171
0,-148239.58863550739,-2274244.4962388184,74355.642027057111
0,-148089.85115665724,-2274235.6748857205,74402.371627537359
0,-147940.04795731261,-2274228.5626757219,74436.121724738652
0,-147790.1768226756,-2274223.1811706452,74479.591766577272
0,-147640.23552111731,-2274219.5608683885,74565.750583937726
0,-147490.27028276416,-2274216.7342824652,74725.822557523396
0,-147340.29781175582,-2274214.3570547393,74919.861807661684
0,-147190.31741193935,-2274212.4477634099,75106.522918627743
0,-147040.33334938594,-2274210.7665510387,75274.736045052181
0,-146890.35300618064,-2274208.9246826903,75395.739019863438
0,-146740.37671257541,-2274206.913503312,75528.942423372951
0,-146590.40558657612,-2274204.7003289512,75695.857347170007
0,-146440.45150102102,-2274201.926760531,75826.926009860777
0,-146290.51639955217,-2274198.5553513924,75966.434725644009
0,-146140.60270648851,-2274194.5426640725,76151.724991852272
0,-145990.73587307951,-2274189.3507384001,76380.045915925977
0,-145840.92700105504,-2274182.7623945796,76636.541019442913
0,-145691.17912206825,-2274174.7461166577,76874.733770825536
0,-145541.48106689099,-2274165.6658174214,77117.190702891894
0,-145391.81146402014,-2274156.1207428654,77332.788557370412
0,-145242.16954347142,-2274146.1242398866,77518.780943691105
0,-145092.55275983017,-2274135.7205401254,77710.361944765333
0,-144942.93084320222,-2274125.4396391045,77923.562319246994
0,-144793.30373148562,-2274115.2773835314,78155.360124688377
0,-144643.67136856247,-2274105.2295807619,78399.465085046395
0,-144493.99807271667,-2274095.9551572246,78656.816048232373
0,-144344.26520899698,-2274087.7617006497,78921.552626482604
0,-144194.46806138847,-2274080.6961582359,79180.230768320456
0,-144044.62344802805,-2274074.5358351921,79419.620500971228
0,-143894.76530726461,-2274068.8482555081,79630.489766122075
0,-143744.89273088699,-2274063.6460185265,79805.892874715821
0,-143595.00551440561,-2274058.9196854066,80079.921913421509
0,-143445.12329667472,-2274054.013120478,80014.704550334704
0,-143295.2462299492,-2274048.9233056176,79941.267576683909
0,-143145.37446788864,-2274043.6473626499,79933.082499552766
0,-142995.51758402222,-2274037.9957410358,79980.04269436661
0,-142845.68034984113,-2274031.8786808643,80192.160144335125
0,-142695.86363351697,-2274025.2853958635,80491.90570495218
0,-142546.05821629553,-2274018.4294608599,81127.730927934201
0,-142396.24624400493,-2274011.7050448144,81642.888390855398
0,-142246.42719092179,-2274005.1175848125,82098.703070487216
0,-142096.6003425316,-2273998.6787901311,82520.54987294256
0,-141946.75681757528,-2273992.6558343642,82926.723446457385
0,-141796.89546039508,-2273987.0648983768,83205.738628466308
0,-141647.01515854214,-2273981.9221749119,83330.530769258927
0,-141497.11757816363,-2273977.7246017409,83355.05911795047
0,-141347.20248258518,-2273974.7161474032,83326.254395198688
0,-141197.26854967017,-2273972.9289759775,83283.013953261441
0,-141047.3247529215,-2273972.2774777007,83266.664756400874
0,-140897.38919281907,-2273972.5737406723,83334.51302646118
0,-140747.4621310106,-2273973.8546036119,83564.388176861496
0,-140597.54444267377,-2273976.1552009573,83788.331805178605
0,-140447.65272552366,-2273979.2402014956,84390.278436437322
0,-140297.78910653622,-2273983.160586731,84735.66190390366
0,-140147.95617171802,-2273987.9728704528,84835.543994392938
0,-139998.12468364779,-2273993.1863600011,84695.349816485686
0,-139848.27869949152,-2273998.5341189406,84450.89495106331
0,-139698.41636628381,-2274003.9882621556,84152.943946296771
0,-139548.54114573775,-2274009.5320302537,84051.9086275101
0,-139398.66194221703,-2274015.162207901,83873.932572417747
0,-139248.77742709831,-2274020.8473827359,83849.513485423173
0,-139098.88634018626,-2274026.5561831715,83960.926380139776
0,-138949.00541436402,-2274032.5150279584,84226.05120050085
0,-138799.13467829721,-2274038.7242057975,84525.016091111829
0,-138649.27416008463,-2274045.183959886,84816.165966193366
0,-138499.40555867463,-2274051.4239579262,85091.193544642796
0,-138349.52005965094,-2274057.219248489,85253.068965769373
0,-138199.6177853999,-2274062.5745243412,85218.692126617301
0,-138049.72464231725,-2274068.0561718051,84934.176387821703
0,-137899.89272138177,-2274074.7946547735,84385.326972177281
0,-137750.12392295329,-2274082.8218530854,83570.994941148892
0,-137600.42044677245,-2274092.1733562597,82486.225086864724
0,-137450.81097220615,-2274102.7731372444,82029.970247598321
0,-137301.29737734815,-2274114.6365699554,81378.349672908458
0,-137151.88152130146,-2274127.7770204991,80850.874394125611
0,-137002.48109055197,-2274141.1363403969,80507.896184273093
0,-136853.05310155559,-2274154.1698230687,80344.412875229013
0,-136703.59826203994,-2274166.8909456525,80319.439732816594
0,-136554.09879688543,-2274179.0167011037,80347.392898348393
0,-136404.51400443801,-2274189.9098014268,80432.23446204717
0,-136254.84387313385,-2274199.590339825,80510.072725220176
0,-136105.08852317135,-2274208.076644606,80493.450968224075
0,-135955.38001726737,-2274217.3020283459,80355.382093112814
0,-135805.72394317039,-2274227.3402898107,80112.991409172944
0,-135656.12163751133,-2274238.2018403341,79822.488570569592
0,-135506.65047111173,-2274250.5490573584,79557.434733281363
0,-135357.35800729253,-2274264.7786035975,79324.763566837646
0,-135208.24096932687,-2274280.8365721679,79146.534351097682
0,-135059.27864936175,-2274298.4321485632,79046.981972445574
0,-134910.42349478469,-2274316.8731721896,79036.024180781402
0,-134761.68142336368,-2274336.2019042172,79113.885381102504
0,-134613.05898882923,-2274356.4652774283,79239.015975460905
0,-134464.46231940234,-2274376.8598737763,79411.197783209238
0,-134315.90309349174,-2274397.4402782856,79596.988687917023
0,-134167.40370311384,-2274418.3471111874,79730.3570568461
0,-134018.92590419619,-2274439.3910952359,79782.449751682754
0,-133870.40513900973,-2274460.203653302,79740.315808198196
0,-133721.81496053521,-2274480.6139014796,79615.157261794695
0,-133573.10381108572,-2274500.1516398615,79419.46980234074
0,-133424.15440234941,-2274517.4894269276,79165.083703266195
0,-133274.96955347087,-2274532.6682506162,78862.915205552679
0,-133125.55155056276,-2274545.7214804804,78554.130939305818
0,-132976.04903299862,-2274557.8240132187,78270.429786465073
0,-132826.49051406779,-2274569.2008593529,78032.470659910294
0,-132676.87490702831,-2274579.8446739004,77895.377199952447
0,-132527.26258941009,-2274590.5278888531,77888.928116020703
0,-132377.71890781776,-2274602.0767833018,77988.333529181211
0,-132228.24601999749,-2274614.5119382264,78170.752670062735
0,-132078.84808128135,-2274627.8516954258,78217.369824529262
0,-131929.53818225188,-2274642.0926540284,78161.071288345993
0,-131780.31940309392,-2274657.2567463899,78069.989847333927
0,-131631.19499134214,-2274673.3664155742,77974.434517996735
0,-131482.12306883343,-2274689.9827987766,77965.636951201101
0,-131333.08451071463,-2274706.914741226,77938.769704043007
0,-131184.07012029097,-2274724.0743563436,78046.71386387122
0,-131035.15597023354,-2274741.999635722,78277.518669409415
0,-130886.45093003647,-2274761.4851724524,78522.744382342673
0,-130737.95411303864,-2274782.5295686023,78787.109654750995
0,-130589.63029042803,-2274804.8789750682,79040.962412314679
0,-130441.21347777588,-2274826.5853207777,79256.708413366461
0,-130292.71724155864,-2274847.7442134689,79403.19767216238
0,-130144.15501644906,-2274868.4503228678,79468.475660409531
0,-129995.35951255349,-2274886.7988576167,79554.150644885114
0,-129846.26852520532,-2274902.1243872871,79336.799735318724
0,-129696.88898191758,-2274914.5337573811,79155.179976694417
0,-129547.33670018616,-2274925.2519786675,79222.043965777615
0,-129397.81467687155,-2274936.3824962298,79200.183100216629
0,-129248.32369128063,-2274947.9297017395,79363.887479044148
0,-129098.86390025694,-2274959.891362506,79665.05185369456
0,-128949.37722717281,-2274971.6917547453,80134.265427295177
0,-128799.85540940643,-2274983.2443602597,80709.41511589587
0,-128650.29009782386,-2274994.46164012,81289.50006290595
0,-128500.77823471378,-2275006.3528060364,81782.698696525229
0,-128351.3735359031,-2275019.4697660301,82054.033599931237
0,-128202.07923676576,-2275033.8356703809,82259.736912746972
0,-128053.0785104324,-2275050.4845098946,82379.214898363018
0,-127904.76099299904,-2275071.6040947796,82340.928472568936
0,-127757.13820879885,-2275097.2456312734,82202.658630918653
0,-127610.22063148819,-2275127.4419886246,81992.238602683545
0,-127463.15167393825,-2275156.8925330299,81788.100905613377
0,-127315.85882048142,-2275185.176630035,81617.806837043521
0,-127168.31317736537,-2275212.1428096811,81538.760714641379
0,-127020.6539501154,-2275238.5244032498,81633.202679850321
0,-126873.02034888194,-2275265.0554117118,81588.447549273682
0,-126725.43413460301,-2275291.8519712356,81711.432587333373
0,-126577.93247595409,-2275319.1038758224,81972.161825972144
0,-126430.63607520872,-2275347.4017605423,81930.664974239015
0,-126283.55309480692,-2275376.7846116172,81836.743512347399
0,-126136.69224825731,-2275407.2940156185,81707.173419521409
0,-125989.97275773434,-2275438.4801078327,81603.551593964527
0,-125843.35205722896,-2275470.123306335,81606.188900603709
0,-125696.80977650949,-2275502.1295022559,81785.877666494591
0,-125550.23190113355,-2275533.9610829107,81994.433555893687
0,-125403.44928665586,-2275564.8129088795,82168.249175837307
0,-125256.46248547106,-2275594.6808609655,82302.6903048604
0,-125109.27201569009,-2275623.5608904865,82434.242999756985
0,-124961.65110423112,-2275649.8695696248,82505.898805056699
0,-124813.6013186279,-2275673.5929794754,82489.52449276112
0,-124665.13235494943,-2275694.7772447467,82391.187225238958
0,-124516.30920279204,-2275713.0844811453,82260.798185416075
0,-124367.17933072578,-2275728.3125642776,82106.091838022752
0,-124217.74506726059,-2275740.5274436958,81950.981002338434
0,-124068.08975942503,-2275750.6327390466,81803.137941567897
0,-123918.51689251055,-2275761.8280538199,81672.00108684093
0,-123769.03631854059,-2275774.1614518464,81601.447120506578
0,-123619.65203302879,-2275787.6598628205,81611.5013246038
0,-123470.38180258154,-2275802.2793107769,81679.735182503646
0,-123321.23296408517,-2275818.035703124,81783.348004729647
0,-123172.21136292563,-2275834.9560875669,81865.090138401414
0,-123023.20070867377,-2275851.9017602978,81936.775517797229
0,-122874.08853482064,-2275867.8202311974,82017.720354381265
0,-122724.87123428055,-2275882.7111786683,82175.75395363399
0,-122575.56127018301,-2275896.6999985678,82283.311525664671
0,-122426.23648773058,-2275910.4252769258,82321.298756412114
0,-122276.89792265859,-2275923.9067194732,82313.776050819113
0,-122127.54662591938,-2275937.1641251906,82309.263962927871
0,-121978.3401521679,-2275951.7574864426,82285.934943169123
0,-121829.32266510747,-2275968.0725994394,82255.238026579565
0,-121680.50631273273,-2275986.1647684467,82235.385588451376
0,-121531.75233099659,-2276004.7464915826,82225.763177770466
0,-121382.8866649432,-2276022.3073390541,82242.700443744063
0,-121233.9011574013,-2276038.8360442347,82310.574881889814
0,-121084.79079852899,-2276054.3067838741,82424.669740885627
0,-120935.56881284293,-2276068.5718686217,82583.471781428627
0,-120786.22415248868,-2276081.5710724466,82762.673012612635
0,-120636.74654769138,-2276093.2457867693,82921.098001130667
0,-120487.19137651756,-2276103.9941533795,83040.250158176219
0,-120337.57354244088,-2276113.9088095352,83158.414761074207
0,-120187.88799052771,-2276122.9398101703,83322.145564106206
0,-120038.1622035856,-2276131.5202368242,83510.04687887746
0,-119888.43921806113,-2276140.2873230088,83707.757213748933
0,-119738.71773202042,-2276149.2066800981,83908.023529523271
0,-119588.99507532766,-2276158.2118694335,84086.754380260332
0,-119439.25428034364,-2276166.9086602931,84220.618161600985
0,-119289.49459522883,-2276175.2875502636,84313.407118600924
0,-119139.71529270773,-2276183.3392862915,84357.419821815027
0,-118989.9177564868,-2276191.0381523152,84360.898231940257
0,-118840.10230820678,-2276198.3752447926,84310.20008202293
0,-118690.26857319802,-2276205.3484112197,84208.489514090048
0,-118540.42150481312,-2276212.0476734522,84044.519106624881
0,-118390.56900246954,-2276218.6162155848,83818.300632090511
0,-118240.71107107961,-2276225.0611990662,83558.301321911858
0,-118090.84666818671,-2276231.3575576982,83293.562657842398
0,-117940.95952696417,-2276237.0159998019,83043.099314892766
0,-117791.04876176298,-2276242.01983249,82804.392055252072
0,-117641.11355277606,-2276246.3527022479,82570.297024017724
0,-117491.16731086744,-2276250.3397206049,82353.316368360494
0,-117341.21511467318,-2276254.1023648391,82150.69095063128
0,-117191.25694875031,-2276257.6248197439,81955.773780652307
0,-117041.29750685787,-2276261.0933819031,81771.34973905643
0,-116891.34410929871,-2276264.7968854662,81618.225351329864
0,-116741.39695774626,-2276268.7396261874,81490.36723871404
0,-116591.45604327421,-2276272.9170387438,81355.941277197984
0,-116441.51777368797,-2276277.1819842057,81202.107913266518
0,-116291.58215023944,-2276281.5342214587,81019.745677137995
0,-116141.64917352583,-2276285.9734806721,80793.264147155089
0,-115991.71825997641,-2276290.485384882,80563.039139126631
0,-115841.78893286035,-2276295.0583043527,80275.942532512679
0,-115691.86088648865,-2276299.6847493439,79944.995036397318
0,-115541.94198725419,-2276304.5681246971,79577.852547882678
0,-115392.04507991899,-2276310.0394930369,79212.438266247118
0,-115242.17019312127,-2276316.0987350545,78908.973441667244
0,-115092.31857840676,-2276322.7587856562,78695.816021220919
0,-114942.51328524809,-2276330.2773301871,78565.682260636735
0,-114792.75517356767,-2276338.6673103571,78520.292302207235
0,-114643.04522301334,-2276347.9433348952,78560.264223898092
0,-114493.3920658454,-2276358.0672715106,78620.629420698533
0,-114343.79816343912,-2276369.0092581967,78647.886585138331
0,-114194.26253892518,-2276380.754886833,78599.688531732289
0,-114044.75880628654,-2276392.9453329747,78468.957422516309
0,-113895.24414178992,-2276404.9998743501,78255.198994459657
0,-113745.71862662474,-2276416.9194667106,77966.714043074535
0,-113596.18233131939,-2276428.7043637228,77616.484104654912
0,-113446.63613222573,-2276440.3465870605,77259.910930509606
0,-113297.08239985167,-2276451.8765256628,76937.352301611638
0,-113147.52349023991,-2276463.3243815452,76680.624898449198
0,-112997.96668902156,-2276474.793863269,76511.923342287759
0,-112848.41471859765,-2276486.3245189679,76388.426082992897
0,-112698.8676901068,-2276497.9176656366,76299.77468202445
0,-112549.3215918316,-2276509.5253416956,76199.521544840536
0,-112399.76760035848,-2276521.0417794934,76073.123233806604
0,-112250.20430557503,-2276532.4496476152,75901.916867415741
0,-112100.63028486635,-2276543.7314583883,75734.547384706835
0,-111951.09373720312,-2276555.4797454518,75524.551599319777
0,-111801.59529365978,-2276567.7003683569,75356.290806612044
0,-111652.13554101349,-2276580.3984947819,75049.227106432474
0,-111502.64805813073,-2276592.7208155934,74593.622580957468
0,-111353.09702972534,-2276604.2120208088,74259.008768748259
0,-111203.48167969157,-2276614.8665527557,74042.520273965085
0,-111053.827902826,-2276625.0333825825,73924.751388547433
0,-110904.19388581986,-2276635.4869335,73888.427602775395
0,-110754.57866704192,-2276646.2123859194,73892.647789966839
0,-110604.98123549791,-2276657.1941642663,73885.68834011053
0,-110455.40631326255,-2276668.4681675681,73852.576683657957
0,-110305.8530315176,-2276680.0231547761,73821.512337854932
0,-110156.32029274071,-2276691.8457233245,73734.441588435642
0,-110006.78070135866,-2276703.578571354,73535.243763512321
0,-109857.21790637009,-2276715.0073898146,73230.032589610375
0,-109707.63135156622,-2276726.1241048737,72828.788330871801
0,-109558.02887085636,-2276737.0324266059,72351.472380417094
0,-109408.43192988769,-2276748.0179328904,71824.643917390582
0,-109258.84122232311,-2276759.089663398,71292.19597525947
0,-109109.26038147871,-2276770.2941469541,70894.836345457938
0,-108959.71289314392,-2276781.9182507959,70634.094708886827
0,-108810.19956209909,-2276793.9708664045,70545.797225741946
0,-108660.71975705712,-2276806.4433201579,70366.72004058912
0,-108511.27287665976,-2276819.3004745613,70069.719294421549
0,-108361.85589712487,-2276832.4890133422,69820.467584175407
0,-108212.46501766275,-2276845.9649495375,69633.834425045992
0,-108063.08395083268,-2276859.546502755,69499.556836913107
0,-107913.67515826653,-2276872.8186215255,69363.690274978304
0,-107764.23997672637,-2276885.7957890281,69196.451965551547
0,-107614.77970289798,-2276898.4920521965,68965.354803226452
0,-107465.35327406076,-2276911.5649832226,68699.18508677397
0,-107315.96936840352,-2276925.1123251338,68456.463695038023
0,-107166.63078740775,-2276939.1663167984,68231.18305901537
0,-107017.34330922253,-2276953.7495443719,68037.160488778522
0,-106868.11148752058,-2276968.8750585527,67879.783115621889
0,-106718.93754435772,-2276984.5622137282,67741.737503735203
0,-106569.8113833417,-2277000.7120690187,67612.963798943601
0,-106420.68386169431,-2277016.853332276,67487.65096924422
0,-106271.55022146499,-2277032.942067802,67379.681046408048
0,-106122.40570613144,-2277048.9343528077,67269.421033030696
0,-105973.23479887407,-2277064.6656255098,67167.60125024851
0,-105824.03268841005,-2277080.0858533052,67054.641454521508
0,-105674.79660436366,-2277095.1673458461,66937.192451310621
0,-105525.55226342271,-2277110.1649166541,66827.624560978438
0,-105376.32707446741,-2277125.3519193269,66702.708101135941
0,-105227.12109382532,-2277140.7311034268,66622.104289721203
0,-105077.94266619298,-2277156.3747410984,66571.703842763935
0,-104928.83705310577,-2277172.6665311474,66488.435653348017
0,-104779.80311586554,-2277189.6029664818,66381.121275759229
0,-104630.83961800049,-2277207.1801081127,66260.158562521523
0,-104481.92535485016,-2277225.1710179383,66105.232357118832
0,-104333.05406891767,-2277243.5147266793,65864.941140028983
0,-104184.22444914667,-2277262.2057289844,65544.207829222025
0,-104035.42157444391,-2277281.1048265547,65155.024667734644
0,-103886.63508818448,-2277300.1198087409,64706.157652899601
0,-103737.87115898525,-2277319.3113291836,64220.59296922791
0,-103589.13716084769,-2277338.7464070641,63741.048303121119
0,-103440.45275102332,-2277358.547447856,63399.035553886177
0,-103291.82549988586,-2277378.7729193298,63026.202855315845
0,-103143.26324203871,-2277399.4833281208,62653.03073359374
0,-102994.69523091549,-2277420.1529513919,62341.805667011722
0,-102846.09431725388,-2277440.5797012881,62104.760548804079
0,-102697.46344744392,-2277460.7857679967,61983.59421170011
0,-102548.78998703723,-2277480.6676211217,62011.70378800379
0,-102400.04368327952,-2277499.9832608146,62173.010083241177
0,-102251.22044670535,-2277518.7035696981,62419.763028644833
0,-102102.31628016695,-2277536.8000567853,62683.279029220364
0,-101953.44758777092,-2277555.1678464399,62887.003171290766
0,-101804.62171255331,-2277573.8644437743,63007.316075990151
0,-101655.84522738837,-2277592.941481506,63061.341190527397
0,-101507.07884670471,-2277612.0939921914,63038.949591151599
0,-101358.29727127469,-2277631.1277400125,62917.239946137517
0,-101209.50060891573,-2277650.0464892481,62725.517695742827
0,-101060.70326042833,-2277668.9616951002,62480.343536015382
0,-100911.94603461989,-2277688.1831852002,62209.651685831384
0,-100763.23320014335,-2277707.7452817154,61954.552557976378
0,-100614.56917620929,-2277727.6835210808,61759.200224385117
0,-100465.87607732111,-2277747.4056343972,61695.319945346797
0,-100317.14675107997,-2277766.871254344,61561.483573359605
0,-100168.38098561708,-2277786.0542476405,61405.714532103913
0,-100019.61905389691,-2277805.253983485,61210.673251300679
0,-99870.89351714449,-2277824.7137518893,60970.373364468622
0,-99722.207362111862,-2277844.451561538,60697.287028605082
0,-99573.571167057569,-2277864.5430717124,60404.765035766592
0,-99425.015654278046,-2277885.220932005,60120.172583382264
0,-99276.535693013371,-2277906.4470882225,59860.979093755413
0,-99128.125795634609,-2277928.1808871254,59629.130615157548
0,-98979.681557809366,-2277949.6647364656,59447.361933794942
0,-98831.180074437594,-2277970.7388564642,59318.310564322477
0,-98682.620274918547,-2277991.4023884204,59239.781508721178
0,-98533.994321390201,-2278011.5790795605,59201.296293865715
0,-98385.290812123727,-2278031.1619237764,59181.603346839205
0,-98236.505718239991,-2278050.128978733,59149.614106098634
0,-98087.640255746912,-2278068.4943987997,59109.141727408416
0,-97938.743145433982,-2278086.5985760675,59097.126514771364
0,-97789.812547639362,-2278104.4296626966,59087.327065806239
0,-97640.846628648054,-2278121.9758222499,59096.054472890901
0,-97491.842894213914,-2278139.1820793338,59055.954629810032
0,-97342.802527324297,-2278156.0532448171,58993.074236103355
0,-97193.727419944655,-2278172.6144220424,58948.489889583376
0,-97044.582320041067,-2278188.4597705174,58969.058728970143
0,-96895.302547360639,-2278202.8588433424,59033.410024547411
0,-96745.882051732333,-2278215.767387297,59146.350538253217
0,-96596.315949458396,-2278227.1132412264,59321.536110591893
0,-96446.628663621028,-2278235.8266933192,59545.935803532891
0,-96296.81642981492,-2278241.8497264171,59799.979840291955
0,-96146.876396368578,-2278245.1369167836,60059.861117643843
0,-95996.893759465107,-2278246.7280694009,60300.296385613954
0,-95846.907810959514,-2278247.1093144659,60506.294756881311
0,-95696.918552247007,-2278246.2831182876,60661.33939038391
0,-95546.931584563848,-2278244.435773056,60779.3819814979
0,-95396.957156592485,-2278241.9042276787,60859.186905863069
0,-95246.995424326422,-2278238.6851052032,60860.222446327221
0,-95097.04661333753,-2278234.7790651205,60811.587009219664
0,-94947.111548352157,-2278230.4292216511,60743.049648128646
0,-94797.190417761041,-2278225.633571066,60648.488674819178
0,-94647.283435797013,-2278220.3898726529,60566.239055670601
0,-94497.376150556418,-2278215.1523566041,60433.443104853352
0,-94347.461712290009,-2278210.1323333117,60259.197468172897
0,-94197.539937009686,-2278205.3325822889,60024.570369527952
0,-94047.615751850361,-2278200.6011861297,59862.02604638203
0,-93897.698398811495,-2278195.6566458363,59700.178825395407
0,-93747.78761657259,-2278190.5059287194,59516.535245716295
0,-93597.883007053664,-2278185.1601517922,59324.307582359477
0,-93447.976842020391,-2278179.8582743732,59137.968211131098
0,-93298.069044516946,-2278174.602306948,58876.116680744693
0,-93148.159537297994,-2278169.3942678738,58654.620585881363
0,-92998.240332107875,-2278164.5126848002,58373.259353530448
0,-92848.307625551271,-2278160.0896730344,58189.577147393131
0,-92698.361345194979,-2278156.1269879495,58029.28908492082
0,-92548.40313861506,-2278152.6270183064,57872.222195450304
0,-92398.436212736604,-2278149.5928039434,57701.798016229848
0,-92248.460490645812,-2278147.0271162419,57477.705464557781
0,-92098.476190370755,-2278144.9480926455,57202.332392434146
0,-91948.512359966728,-2278144.7826555893,56870.142525297997
0,-91798.569131937154,-2278146.556377626,56493.833806271716
0,-91648.647080336523,-2278150.3122205948,56072.501129938035
0,-91498.742414066073,-2278155.1359506524,55632.090612597538
0,-91348.852883380227,-2278160.5577560919,55175.498550604476
0,-91198.978178216959,-2278166.5522378176,54662.243883480129
0,-91049.104035712182,-2278172.5950976764,54226.086907658399
0,-90899.202569383808,-2278177.6936058891,53866.459827301689
0,-90749.272637347342,-2278181.8133503003,53594.294001304348
0,-90599.313775734016,-2278184.940599747,53427.122174856908
0,-90449.403038256147,-2278189.4469819316,53314.615213196797
0,-90299.541089822524,-2278195.3550030305,53139.199585049682
0,-90149.72887077248,-2278202.6971808253,52965.914463773966
0,-89999.969458633292,-2278211.1024814844,52693.309656191312
0,-89850.264764833337,-2278220.3877843851,52486.808818626487
0,-89700.615790591793,-2278230.5707418504,52232.045231091091
0,-89550.985954885138,-2278241.0597738065,52086.270241890146
0,-89401.297600062331,-2278250.5947808656,51997.580835572269
0,-89251.548538063478,-2278259.1382845272,51893.780503960334
0,-89101.739453003131,-2278266.7016794169,51755.556292394009
0,-88951.920280343751,-2278274.0528366179,51564.006371185074
0,-88802.092786293608,-2278281.2221681038,51341.194603389398
0,-88652.25820771596,-2278288.2319193818,51020.676868970011
0,-88502.416267089662,-2278295.0724387253,50685.837508741679
0,-88352.56575514951,-2278301.7207485046,50615.925338936366
0,-88202.70592451148,-2278308.1648707185,50593.691694527035
0,-88052.852850515308,-2278314.7277743276,50425.691378068841
0,-87903.043166493342,-2278322.1370916367,50324.151035744188
0,-87753.277623638322,-2278330.4028369086,50150.639682024397
0,-87603.556999188106,-2278339.5346109392,49815.829519057763
0,-87453.80774908718,-2278348.1365228593,49249.495417074155
0,-87304.028055580173,-2278356.1781384279,48447.827725878065
0,-87154.217745882677,-2278363.6598876067,47431.328913907826
0,-87004.385832817192,-2278370.6817490696,46239.142472653999
0,-86854.537730295167,-2278377.3082686197,44905.335984174133
0,-86704.673735012795,-2278383.5486899996,43487.168663288161
0,-86554.80773661226,-2278389.7265796773,42246.982159678388
0,-86404.970720079131,-2278396.5600281605,41231.946724433539
0,-86255.161891673619,-2278404.0312958742,40472.223826876267
0,-86105.38028807615,-2278412.1188455164,39990.45213885112
0,-85955.608867253803,-2278420.3643939574,39768.689118216505
0,-85805.848705124721,-2278428.7794226096,39705.485187120707
0,-85656.101558869952,-2278437.3928528973,39611.437882109305
0,-85506.385351943783,-2278446.3387059821,39481.245212404254
0,-85356.714195089153,-2278455.7375771566,39523.379898372215
0,-85207.093610322874,-2278465.6594718955,39499.346663585864
0,-85057.484195032739,-2278475.4535405845,39309.559971564595
0,-84907.770765897556,-2278483.2959959595,39193.97176793385
0,-84757.945885855821,-2278489.1058806325,39058.489564185249
0,-84608.004062992477,-2278492.8207128085,38897.964869816926
0,-84458.075069755025,-2278497.0010136431,38707.000291534212
0,-84308.165408347355,-2278501.7640136583,38489.123345579806
0,-84158.27392531815,-2278507.0736732059,38264.65146125685
0,-84008.373080264166,-2278512.0710144434,38043.526504476788
0,-83858.446424542315,-2278516.2345387363,37820.418699111717
0,-83708.494439885602,-2278519.5702261017,37601.936529253646
0,-83558.526166202442,-2278522.4077551086,37441.380626917904
0,-83408.564609821246,-2278525.6084991344,37329.214562285903
0,-83258.609968772711,-2278529.1832092181,37230.309197111223
0,-83108.662473189499,-2278533.144374779,37022.383229887237
0,-82958.711027884594,-2278536.9008820211,36766.977550676907
0,-82808.755117557506,-2278540.4243372837,36490.680933200631
0,-82658.794899109416,-2278543.7222171118,36227.314034270501
0,-82508.8263337885,-2278546.309735707,36006.809022624228
0,-82358.846527590911,-2278547.8582862718,35854.363716564512
0,-82208.855248996508,-2278548.3535725856,35752.992844456967
0,-82058.870642308932,-2278547.5301969936,35689.327541501705
0,-81908.941197253735,-2278544.7045849557,35644.875345118955
0,-81759.066483585266,-2278539.881198151,35623.439572743613
0,-81609.245252742156,-2278533.0840690946,35610.72647457409
0,-81459.471715916821,-2278525.2903235042,35593.137401964275
0,-81309.746654109942,-2278516.5332142804,35545.102691341526
0,-81160.071503444429,-2278506.7758467756,35440.741103325003
0,-81010.384074213798,-2278497.1859561172,35244.429116022387
0,-80860.642760916526,-2278488.5486888839,34937.93996960498
0,-80710.848055411785,-2278480.8533531539,34610.405775492327
0,-80561.014502244754,-2278473.8555018352,34349.386531501419
0,-80411.180993524176,-2278466.9129840694,34166.808232856194
0,-80261.345442419421,-2278460.0709173023,34059.476556539536
0,-80111.505788358219,-2278453.3738794657,33883.361195761339
0,-79961.657883897307,-2278446.880910371,33647.697458010509
0,-79811.801534600221,-2278440.5959310723,33361.970348633738
0,-79661.936797943228,-2278434.5199235473,33054.922994888409
0,-79512.045671506654,-2278429.8243987858,32727.311903042002
0,-79362.116444317115,-2278427.3168027806,32377.359480812043
0,-79212.149921164062,-2278426.9892784916,32004.002722517984
0,-79062.157162575866,-2278427.9940017429,31618.248258332173
0,-78912.170388297032,-2278427.8050575554,31251.185968558173
0,-78762.189580136081,-2278426.4264619546,30923.229968000855
0,-78612.214780374838,-2278423.8591437289,30605.890086562722
0,-78462.302601341944,-2278419.6082750387,30297.280483979717
0,-78312.458857293313,-2278413.6178656584,30020.960578586266
0,-78162.685006452215,-2278405.8664882393,29851.155101103905
0,-78012.948426617644,-2278397.1977743544,29718.342067363439
0,-77863.22262623813,-2278388.2699395386,29579.887323417443
0,-77713.50455508403,-2278379.140099823,29459.042827166064
0,-77563.831394675464,-2278369.4132975279,29333.503822628481
0,-77414.328781640172,-2278357.6863503559,29208.214095040774
0,-77265.00017550058,-2278343.9251128072,29078.879543282987
0,-77115.850386486476,-2278328.0808584886,28948.534575091893
0,-76966.640546616152,-2278312.8621177278,28809.817635110376
0,-76817.343021056891,-2278298.5544932005,28684.466746599013
0,-76667.957101369073,-2278285.1392960292,28599.509686749701
0,-76518.45564104167,-2278273.3868706184,28526.760363876263
0,-76368.809985826927,-2278264.0316212112,28464.641910163347
0,-76219.012089405587,-2278257.1848863512,28393.124121748926
0,-76069.116958995146,-2278251.9036991438,28408.476641982143
0,-75919.357771728071,-2278244.2636372447,28495.29951898026
0,-75769.733551181853,-2278234.2879543053,28606.440268550341
0,-75620.238545936867,-2278222.076309057,28669.025805432771
0,-75470.79450932733,-2278209.1945522879,28634.956149107435
0,-75321.386896600743,-2278195.9083415102,28504.048110511783
0,-75172.011984930956,-2278182.2615332757,28366.413282908863
0,-75022.604666457846,-2278169.030327315,28179.341160886208
0,-74873.112511101994,-2278156.8382342588,27973.732272238518
0,-74723.541151250538,-2278145.6158654718,27777.072600420495
0,-74573.934250282764,-2278134.8511722796,27602.917501939137
0,-74424.473774965023,-2278122.4292290811,27462.892487109064
0,-74275.160658559631,-2278108.3508546753,27351.85199767051
0,-74125.996199970061,-2278092.6149851428,27278.702936548518
0,-73976.916035797825,-2278076.072573035,27226.232515358886
0,-73827.902792442896,-2278058.9339606082,27183.04912281064
0,-73678.951698431527,-2278041.2423959593,27127.759938921201
0,-73530.018670827398,-2278023.3851850932,27046.449783648393
0,-73381.059563246308,-2278005.7489681854,26906.261585840672
0,-73232.074438824638,-2277988.3330900692,26656.3862647153
0,-73083.044754900111,-2277971.3444824726,26409.617571902756
0,-72933.832599360423,-2277956.3212227733,26148.376626678139
0,-72784.43446300739,-2277943.3011691244,25893.464480277991
0,-72634.846914153895,-2277932.3212885265,25705.211512227012
0,-72485.148269027777,-2277923.1515577412,25616.511474277511
0,-72335.360565041759,-2277915.7586865649,25545.056167214716
0,-72185.481398916745,-2277910.1924311141,25658.651172293237
0,-72035.659038382204,-2277904.1411879444,24950.818885206867
0,-71886.09454028793,-2277894.4685737547,25550.115246559599
0,-71736.792460236844,-2277881.1295938608,26591.594221850413
0,-71587.735742439807,-2277864.3933100034,27404.462424310259
0,-71438.687832422947,-2277847.6217722832,27550.19236472105
0,-71289.654630610836,-2277830.7513064486,26831.373630401456
0,-71140.64216989078,-2277813.7167909266,25127.10062556525
0,-70991.600317092059,-2277796.9172475697,22471.571385498155
0,-70842.498791061822,-2277780.6176472204,19039.520591691769
0,-70693.32491247922,-2277764.9424118232,15104.734799826609
0,-70544.170408719641,-2277749.1244511865,11022.949240019012
0,-70395.200926038451,-2277731.7565828087,8041.2075641133915
0,-70246.403904982188,-2277712.9451435506,4124.0136958673183
0,-70097.763702546377,-2277692.8145942399,418.59248156432056
0,-69948.971207274837,-2277673.9224496982,-2226.646462721691
0,-69800.031580738229,-2277656.2321930868,-3325.8942142783967
0,-69650.949459140553,-2277639.711217267,-3636.0852506614565
0,-69501.829257355799,-2277623.5252371919,-989.48151254846653
0,-69352.715480440398,-2277607.3312323163,3141.9829370482321
0,-69203.59996984461,-2277591.2110980339,7471.9937080788686
0,-69054.610298233136,-2277574.2790353489,10340.579371248481
0,-68906.033329820755,-2277554.4647884904,13386.123865020938
0,-68757.849280874303,-2277531.8521283236,15371.888023943182
0,-68610.036732646564,-2277506.52396012,16042.893136599125
0,-68461.978953883561,-2277482.6992035788,15340.95689756373
0,-68313.6739888109,-2277460.4178391723,13396.389136645425
0,-68165.152294317872,-2277439.4948839829,10412.151976365974
0,-68016.460264434048,-2277419.8088644641,6756.5380486875565
0,-67867.612871518111,-2277401.3939753398,2954.1248464212472
0,-67718.604252230216,-2277384.2923409012,-320.48560645744715
0,-67569.429027540769,-2277368.6754069119,-2242.6667548085898
0,-67420.085067273409,-2277355.0592888999,-1837.7675123278134
0,-67270.569134656515,-2277343.4754850068,-1511.1734931873516
0,-67120.878104907635,-2277333.9554022909,-624.95984575967941
0,-66971.130457316292,-2277325.3458905611,410.90410788121619
0,-66821.346095697096,-2277317.437533638,924.63123161006661
0,-66671.525729837114,-2277310.2086467356,0.0
0,-66521.701996475604,-2277303.0441996888,0.0
0,-66371.904624905204,-2277295.3877116893,0.0
0,-66222.134381773008,-2277287.2224642253,0.0
0,-66072.400940160034,-2277278.4223958794,0.0
0,-65922.744549023148,-2277268.4961328045,0.0
0,-65773.167753964211,-2277257.4174627205,0.0
0,-65623.673465172265,-2277245.1573327575,0.0
0,-65474.241023438924,-2277232.1582242963,0.0
0,-65324.866623487673,-2277218.5370397586,0.0
0,-65175.543202058172,-2277204.3555557518,0.0
0,-65026.302910533137,-2277189.3583087567,0.0
0,-64877.183027451392,-2277173.2514268002,0.0
0,-64728.182495969668,-2277156.0532874791,0.0
0,-64579.324395116942,-2277137.64850746,0.0
0,-64430.746752318948,-2277117.2783124275,0.0
0,-64282.443753846637,-2277094.9910176066,0.0
0,-64134.408942297072,-2277070.8405805607,0.0
0,-63986.449370235205,-2277046.1867887541,0.0
0,-63838.504711641886,-2277021.4453412765,0.0
0,-63690.566517387662,-2276996.6668021278,0.0
0,-63542.589735039612,-2276972.1270456831,0.0
0,-63394.522139724817,-2276948.1475564614,0.0
0,-63246.370377411076,-2276924.6880495152,0.0
0,-63098.143237518772,-2276901.696184631,0.0
0,-62949.948485417131,-2276878.5487944107,0.0
0,-62801.810021188998,-2276855.086775043,0.0
0,-62653.752446048718,-2276831.1463215039,0.0
0,-62505.790367638037,-2276806.6341166073,0.0
0,-62357.933162373323,-2276781.4908823194,0.0
0,-62210.194494674899,-2276755.6268729414,0.0
0,-62062.464723495585,-2276729.7622642857,0.0
0,-61914.398329844138,-2276706.2028070684,0.0
0,-61766.00367333561,-2276684.8757491177,0.0
0,-61617.290125641448,-2276665.6896851552,0.0
0,-61468.596695620683,-2276646.3285120954,0.0
0,-61319.952775379308,-2276626.5810353882,0.0
0,-61171.346495570004,-2276606.5151497987,0.0
0,-61022.949346971007,-2276585.0560810305,0.0
0,-60874.908443242821,-2276561.3006315976,0.0
0,-60727.204300749967,-2276535.3920707796,0.0
0,-60579.756915427381,-2276507.8620454548,0.0
0,-60432.262895452026,-2276480.6665571472,0.0
0,-60284.754885796734,-2276453.6207125778,0.0
0,-60137.266181145809,-2276426.5358986948,0.0
0,-59989.720699230151,-2276399.7600928913,0.0
0,-59842.070832090016,-2276373.5230546654,0.0
0,-59694.296315419786,-2276347.9235594347,0.0
0,-59546.488185745555,-2276322.4572676928,0.0
0,-59398.826530073158,-2276296.151608896,0.0
0,-59251.316050501569,-2276268.9910765863,0.0
0,-59103.961597020156,-2276240.9600239713,0.0
0,-58956.965124151517,-2276211.1887734886,0.0
0,-58810.309197909992,-2276179.7971617556,0.0
0,-58663.979282018445,-2276146.8633960071,0.0
0,-58517.756681805695,-2276113.4364933847,0.0
0,-58371.445212743551,-2276080.4476079997,0.0
0,-58224.981600059291,-2276048.1932929959,0.0
0,-58078.356071962597,-2276016.7171710772,0.0
0,-57931.807127669475,-2275984.8822867093,0.0
0,-57785.350820045947,-2275952.5984471636,0.0
0,-57639.003366441648,-2275919.7742312867,0.0
0,-57492.798548783736,-2275886.3287268267,0.0
0,-57346.810225668945,-2275851.9720153348,0.0
0,-57201.115039219803,-2275816.3778002751,0.0
0,-57055.669989962909,-2275779.7239106251,0.0
0,-56910.257902321151,-2275742.923497464,0.0
0,-56764.867389495259,-2275706.0256872233,0.0
0,-56619.480409655429,-2275669.1187590458,0.0
0,-56473.64553687942,-2275634.2330194172,0.0
0,-56327.268010402673,-2275601.7823262853,0.0
0,-56180.303728790132,-2275571.952911716,0.0
0,-56033.014841675882,-2275543.5685471264,0.0
0,-55885.738493102392,-2275515.119071594,0.0
0,-55738.487490058666,-2275486.5380777563,0.0
0,-55591.256659758692,-2275457.8630352193,0.0
0,-55443.854287281443,-2275430.1967195896,0.0
0,-55296.309305436589,-2275403.3584517562,0.0
0,-55148.650447112283,-2275377.1689797901,0.0
0,-55000.857335084045,-2275351.7669987977,0.0
0,-54852.8947769398,-2275327.356412339,0.0
0,-54704.742354831607,-2275304.0406396189,0.0
0,-54556.418200389395,-2275281.7367712017,0.0
0,-54407.989563692805,-2275260.1504219491,0.0
0,-54259.437852084971,-2275239.4152213759,0.0
0,-54110.78709513347,-2275219.4118300299,0.0
0,-53962.586305892037,-2275196.7093463889,0.0
0,-53814.888129481646,-2275171.0715822568,0.0
0,-53667.712954480136,-2275142.4843008746,0.0
0,-53521.00069509614,-2275111.583695522,0.0
0,-53374.708878375932,-2275078.8404399683,0.0
0,-53228.858457154696,-2275044.2167605069,0.0
0,-53083.369740418806,-2275008.1070983163,0.0
0,-52937.635483207116,-2274973.0820946367,0.0
0,-52791.607214956668,-2274939.2717548027,0.0
0,-52645.236493159966,-2274906.8084040508,0.0
0,-52498.551363434221,-2274875.7773298686,0.0
0,-52351.50606602223,-2274846.5148147186,0.0
0,-52204.022177831372,-2274819.401879645,0.0
0,-52056.131602113019,-2274794.3691113014,0.0
0,-51908.036806533215,-2274770.6392748989,0.0
0,-51759.725885033236,-2274748.2945641438,0.0
0,-51611.188759798948,-2274727.4065294834,0.0
0,-51462.970876597232,-2274704.6216638628,0.0
0,-51315.12456657365,-2274679.6074558045,0.0
0,-51167.665774505622,-2274652.2541847886,0.0
0,-51020.313049439486,-2274624.2145185252,0.0
0,-50872.824331149619,-2274596.9173178137,0.0
0,-50725.186125066182,-2274570.4380006338,0.0
0,-50577.398087841117,-2274544.7857053131,0.0
0,-50429.527752515241,-2274519.6168081369,0.0
0,-50281.58757977972,-2274494.8579379837,0.0
0,-50133.58964163671,-2274470.4380095936,0.0
0,-49985.618122249973,-2274445.9471515161,0.0
0,-49837.651974751607,-2274421.5317642549,0.0
0,-49689.644100235462,-2274397.4685446462,0.0
0,-49541.463277573959,-2274374.5763430842,0.0
0,-49392.990127773526,-2274353.6526521975,0.0
0,-49244.248889000344,-2274334.5898860781,0.0
0,-49095.271261159156,-2274317.2162365089,0.0
0,-48946.322158322335,-2274299.5685319183,0.0
0,-48797.417057175713,-2274281.5253080144,0.0
0,-48648.571839070653,-2274262.9619980617,0.0
0,-48499.829555476739,-2274243.613955094,0.0
0,-48351.2127250513,-2274223.3452672297,0.0
0,-48202.727453429332,-2274202.1208000011,0.0
0,-48054.291902292549,-2274180.5477894354,0.0
0,-47905.722690640068,-2274159.965809036,0.0
0,-47757.011908777189,-2274140.4247075571,0.0
0,-47608.151955171452,-2274121.9726270814,0.0
0,-47459.220230125662,-2274104.1423378247,0.0
0,-47310.212732950393,-2274086.9846386067,0.0
0,-47161.121582640495,-2274070.573316535,0.0
0,-47012.114176424191,-2274053.5634541241,0.0
0,-46863.300089868972,-2274035.0520558436,0.0
0,-46714.668643843361,-2274015.1005417728,0.0
0,-46566.122306290767,-2273994.4523343993,0.0
0,-46417.384122657371,-2273975.2954406179,0.0
0,-46268.460737260881,-2273957.601941077,0.0
0,-46119.357897993381,-2273941.3488400877,0.0
0,-45970.055975067444,-2273928.1540116258,0.0
0,-45820.547919110184,-2273918.4275915688,0.0
0,-45670.830516982765,-2273912.3123447779,0.0
0,-45521.100851466617,-2273906.3990618051,0.0
0,-45371.53173615822,-2273897.6085029314,0.0
0,-45222.113108037214,-2273886.0112282634,0.0
0,-45072.908703290123,-2273871.4370547784,0.0
0,-44924.251548126616,-2273852.8744854867,0.0
0,-44776.16142698667,-2273830.1790430252,0.0
0,-44628.668433299572,-2273803.1264658626,0.0
0,-44481.519235437918,-2273774.1020316444,0.0
0,-44334.653925780694,-2273743.6753834588,0.0
0,-44188.078553678301,-2273711.8481322234,0.0
0,-44041.830759179989,-2273678.5559486696,0.0
0,-43895.871736931455,-2273644.0392483179,0.0
0,-43750.146581099041,-2273608.5264234105,0.0
0,-43604.599622686037,-2273572.2489328277,0.0
0,-43459.244922612699,-2273535.2591747842,0.0
0,-43314.019035793041,-2273497.7992028035,0.0
0,-43168.858659810132,-2273460.1105037471,0.0
0,-43023.346681689443,-2273423.9188353419,0.0
0,-42877.226156251665,-2273390.3242717511,0.0
0,-42730.542319642023,-2273359.1709961481,0.0
0,-42583.400921793502,-2273330.0325404671,0.0
0,-42436.249652096536,-2273300.9423144409,0.0
0,-42289.106574965583,-2273271.8092076173,0.0
0,-42141.989664426284,-2273242.5425635697,0.0
0,-41994.83621678425,-2273213.4639788568,0.0
0,-41847.618034989806,-2273184.7191846925,0.0
0,-41700.365560391372,-2273156.1510440386,0.0
0,-41553.172676257462,-2273127.2902597822,0.0
0,-41406.166929670893,-2273097.5082478053,0.0
0,-41259.336390327866,-2273066.8661977239,0.0
0,-41112.66913009061,-2273035.4253569059,0.0
0,-40966.498632917908,-2273001.9650771194,0.0
0,-40820.763358527453,-2272966.7278321628,0.0
0,-40675.371833133446,-2272930.0674810973,0.0
0,-40529.851005881646,-2272893.9241111209,0.0
0,-40383.830868144119,-2272859.8682865622,0.0
0,-40237.330412828807,-2272827.8718808452,0.0
0,-40090.373004614739,-2272797.912802917,0.0
0,-39943.02405382524,-2272770.0349049424,0.0
0,-39795.293510957883,-2272744.234608883,0.0
0,-39647.217221964936,-2272720.3619445884,0.0
0,-39499.341800331626,-2272695.3852856462,0.0
0,-39351.837494818734,-2272668.3533018888,0.0
0,-39204.671273361593,-2272639.4529055068,0.0
0,-39057.758413938056,-2272609.1865439992,0.0
0,-38910.970516004047,-2272578.3272696659,0.0
0,-38764.297634127193,-2272546.9226222793,0.0
0,-38617.729259002765,-2272515.0228360328,0.0
0,-38470.631204041354,-2272486.1402518176,0.0
0,-38322.945997701019,-2272460.5691942396,0.0
0,-38174.681567231855,-2272438.2441247501,0.0
0,-38026.075923158307,-2272417.9707642472,0.0
0,-37877.356187623533,-2272398.6068900051,0.0
0,-37728.523238231275,-2272380.124094984,0.0
0,-37579.680679561701,-2272361.8232412403,0.0
0,-37431.432144961997,-2272339.7655472625,0.0
0,-37283.766101568632,-2272314.0613852451,0.0
0,-37136.668970460276,-2272284.8453716747,0.0
0,-36989.547921247409,-2272255.7083493429,0.0
0,-36842.278448539677,-2272227.2911746879,0.0
0,-36694.835294866294,-2272199.7414141092,0.0
0,-36547.107003608013,-2272173.991289793,0.0
0,-36398.889366334814,-2272151.674722563,0.0
0,-36250.173281405674,-2272132.8713898021,0.0
0,-36100.950754604943,-2272117.6493746666,0.0
0,-35951.851760794911,-2272101.3702768316,0.0
0,-35802.871216469925,-2272084.0697774584,0.0
0,-35654.002969737499,-2272065.7909795158,0.0
0,-35505.236194827834,-2272046.714345667,0.0
0,-35356.565637948246,-2272026.9255565093,0.0
0,-35207.989265999167,-2272006.4274153495,0.0
0,-35059.489135344622,-2271985.3484963472,0.0
0,-34911.031710776806,-2271963.956314059,0.0
0,-34762.629037859064,-2271942.1646947926,0.0
0,-34614.293390326558,-2271919.8858408411,0.0
0,-34465.759722910218,-2271899.1484985012,0.0
0,-34316.99170997605,-2271880.2426627353,0.0
0,-34167.978689970667,-2271863.2614115737,0.0
0,-34018.986400795409,-2271846.1410660208,0.0
0,-33870.23918634218,-2271827.1237337925,0.0
0,-33721.738044302809,-2271806.1876059999,0.0
0,-33573.432657944453,-2271783.7086483738,0.0
